Source,Target,Probability
1,1,0.6231395378677514
1,10,0.37686046213224844
2,2,0.08905031355054081
2,3,0.2725596058083201
2,7,0.33859580105075704
2,10,0.29979427959038224
3,2,0.4470002190666597
3,3,0.2736300382275332
3,5,0.14339951085808744
3,7,0.13597023184771959
4,4,0.674115314907249
4,9,0.32588468509275104
5,2,0.38402154136211286
5,5,0.615978458637887
6,1,0.2704357840872653
6,6,0.4401293836548351
6,8,0.28943483225789945
7,4,0.2391192592297093
7,6,0.26554769362977615
7,7,0.4953330471405146
8,3,0.1715891962701834
8,4,0.24696676340954382
8,6,0.20569690194929358
8,8,0.37574713837097934
9,1,0.19816156780670055
9,5,0.38066722707467865
9,9,0.42117120511862083
10,8,0.12825202480359066
10,9,0.5093857944185437
10,10,0.3623621807778657
